,link,name
0,https://photomarble.s3.ap-northeast-2.amazonaws.com/similarity/background/덕수궁_CcaiGOfJYyN.jpg,1
1,https://photomarble.s3.ap-northeast-2.amazonaws.com/similarity/background/덕수궁_CcamWwFpMdb.jpg,1
2,https://photomarble.s3.ap-northeast-2.amazonaws.com/similarity/background/덕수궁_Ccb45yRPkvd.jpg,1
3,https://photomarble.s3.ap-northeast-2.amazonaws.com/similarity/background/덕수궁_CcbmYTAP3-N.jpg,1
4,https://photomarble.s3.ap-northeast-2.amazonaws.com/similarity/background/덕수궁_Ccb_-EoPw--.jpg,1
5,https://photomarble.s3.ap-northeast-2.amazonaws.com/similarity/background/덕수궁_Ccc6ZnHLHqY.jpg,1
6,https://photomarble.s3.ap-northeast-2.amazonaws.com/similarity/background/덕수궁_CccGoIOL7A0.jpg,1
7,https://photomarble.s3.ap-northeast-2.amazonaws.com/similarity/background/덕수궁_CccIQuWPrJO.jpg,1
8,https://photomarble.s3.ap-northeast-2.amazonaws.com/similarity/background/덕수궁_CccR1MwBRau.jpg,1
9,https://photomarble.s3.ap-northeast-2.amazonaws.com/similarity/background/덕수궁_CccvBOxrfAH.jpg,1
10,https://photomarble.s3.ap-northeast-2.amazonaws.com/similarity/background/덕수궁_CcdCTc3PM-U.jpg,1
11,https://photomarble.s3.ap-northeast-2.amazonaws.com/similarity/background/덕수궁_CcdDNKQJkyX.jpg,1
12,https://photomarble.s3.ap-northeast-2.amazonaws.com/similarity/background/덕수궁_CceaP-MB_3B.jpg,1
13,https://photomarble.s3.ap-northeast-2.amazonaws.com/similarity/background/덕수궁_CceQwfgvKYC.jpg,1
14,https://photomarble.s3.ap-northeast-2.amazonaws.com/similarity/background/덕수궁_CceT0AXBGhW.jpg,1
15,https://photomarble.s3.ap-northeast-2.amazonaws.com/similarity/background/덕수궁_CceZIZdPOpK.jpg,1
16,https://photomarble.s3.ap-northeast-2.amazonaws.com/similarity/background/덕수궁_CcPticXvk9P.jpg,1
17,https://photomarble.s3.ap-northeast-2.amazonaws.com/similarity/background/덕수궁_CcVfboOpL6n.jpg,1
18,https://photomarble.s3.ap-northeast-2.amazonaws.com/similarity/background/덕수궁_CcX02xIL0oT.jpg,1
19,https://photomarble.s3.ap-northeast-2.amazonaws.com/similarity/background/덕수궁_CcX5T2uB3up.jpg,1
20,https://photomarble.s3.ap-northeast-2.amazonaws.com/similarity/background/덕수궁_CcZgAKnFFmN.jpg,1
21,https://photomarble.s3.ap-northeast-2.amazonaws.com/similarity/background/덕수궁_CcZiKPPr7cp.jpg,1
22,https://photomarble.s3.ap-northeast-2.amazonaws.com/similarity/background/덕수궁_CcZ_UfyB2Hg.jpg,1
23,https://photomarble.s3.ap-northeast-2.amazonaws.com/similarity/background/독립문_B1TJEHZBw1s.jpg,3
24,https://photomarble.s3.ap-northeast-2.amazonaws.com/similarity/background/독립문_Ca-KirBP9oE.jpg,3
25,https://photomarble.s3.ap-northeast-2.amazonaws.com/similarity/background/독립문_Ca1sIwSpvCH.jpg,3
26,https://photomarble.s3.ap-northeast-2.amazonaws.com/similarity/background/독립문_Ca1sOOmJh9M.jpg,3
27,https://photomarble.s3.ap-northeast-2.amazonaws.com/similarity/background/독립문_Ca2I5WxPIwO.jpg,3
28,https://photomarble.s3.ap-northeast-2.amazonaws.com/similarity/background/독립문_Ca3e6m_PRQu.jpg,3
29,https://photomarble.s3.ap-northeast-2.amazonaws.com/similarity/background/독립문_Ca3rzGcJK1Y.jpg,3
30,https://photomarble.s3.ap-northeast-2.amazonaws.com/similarity/background/독립문_Ca3WxL_PiJS.jpg,3
31,https://photomarble.s3.ap-northeast-2.amazonaws.com/similarity/background/독립문_Ca4FpatJ98g.jpg,3
32,https://photomarble.s3.ap-northeast-2.amazonaws.com/similarity/background/독립문_Ca4ZE3RvaMm.jpg,3
33,https://photomarble.s3.ap-northeast-2.amazonaws.com/similarity/background/독립문_Ca5ohypP638.jpg,3
34,https://photomarble.s3.ap-northeast-2.amazonaws.com/similarity/background/독립문_Ca9Bre9Jkp1.jpg,3
35,https://photomarble.s3.ap-northeast-2.amazonaws.com/similarity/background/독립문_Ca9xgvJvlOS.jpg,3
36,https://photomarble.s3.ap-northeast-2.amazonaws.com/similarity/background/독립문_CaCCYyqPvIV.jpg,3
37,https://photomarble.s3.ap-northeast-2.amazonaws.com/similarity/background/독립문_CagbCU-JltY.jpg,3
38,https://photomarble.s3.ap-northeast-2.amazonaws.com/similarity/background/독립문_Cah6dKsvttT.jpg,3
39,https://photomarble.s3.ap-northeast-2.amazonaws.com/similarity/background/독립문_CaiwTD_pDOn.jpg,3
40,https://photomarble.s3.ap-northeast-2.amazonaws.com/similarity/background/독립문_CaiZYqtBSFx.jpg,3
41,https://photomarble.s3.ap-northeast-2.amazonaws.com/similarity/background/독립문_Caj1rhNliu7.jpg,3
42,https://photomarble.s3.ap-northeast-2.amazonaws.com/similarity/background/독립문_Caja7xVlF-b.jpg,3
43,https://photomarble.s3.ap-northeast-2.amazonaws.com/similarity/background/독립문_Cajb0TJF7NR.jpg,3
44,https://photomarble.s3.ap-northeast-2.amazonaws.com/similarity/background/독립문_CajIrBUJNb1.jpg,3
45,https://photomarble.s3.ap-northeast-2.amazonaws.com/similarity/background/독립문_CajjkaDF2zp.jpg,3
46,https://photomarble.s3.ap-northeast-2.amazonaws.com/similarity/background/독립문_Cajllz-L9Ce.jpg,3
47,https://photomarble.s3.ap-northeast-2.amazonaws.com/similarity/background/독립문_CajqjorFQYw.jpg,3
48,https://photomarble.s3.ap-northeast-2.amazonaws.com/similarity/background/독립문_CajQL68L2y1.jpg,3
49,https://photomarble.s3.ap-northeast-2.amazonaws.com/similarity/background/독립문_Cajv04cPO2c.jpg,3
50,https://photomarble.s3.ap-northeast-2.amazonaws.com/similarity/background/독립문_CajWF7SvpXM.jpg,3
51,https://photomarble.s3.ap-northeast-2.amazonaws.com/similarity/background/독립문_CajYXKNB18Y.jpg,3
52,https://photomarble.s3.ap-northeast-2.amazonaws.com/similarity/background/독립문_Cajz6IOvOr9.jpg,3
53,https://photomarble.s3.ap-northeast-2.amazonaws.com/similarity/background/독립문_CaK67Qov-pL.jpg,3
54,https://photomarble.s3.ap-northeast-2.amazonaws.com/similarity/background/독립문_CakA5R4pC3H.jpg,3
55,https://photomarble.s3.ap-northeast-2.amazonaws.com/similarity/background/독립문_Cakf2OzB9ws.jpg,3
56,https://photomarble.s3.ap-northeast-2.amazonaws.com/similarity/background/독립문_CakIzIoJhKA.jpg,3
57,https://photomarble.s3.ap-northeast-2.amazonaws.com/similarity/background/독립문_CaPv3qOvdXi.jpg,3
58,https://photomarble.s3.ap-northeast-2.amazonaws.com/similarity/background/독립문_CarAyKGP8Dq.jpg,3
59,https://photomarble.s3.ap-northeast-2.amazonaws.com/similarity/background/독립문_CatPRQ0F8Ah.jpg,3
60,https://photomarble.s3.ap-northeast-2.amazonaws.com/similarity/background/독립문_CawNi9tvmLo.jpg,3
61,https://photomarble.s3.ap-northeast-2.amazonaws.com/similarity/background/독립문_CaXHWoaF9Hs.jpg,3
62,https://photomarble.s3.ap-northeast-2.amazonaws.com/similarity/background/독립문_CaYwT-cFkwA.jpg,3
63,https://photomarble.s3.ap-northeast-2.amazonaws.com/similarity/background/독립문_CaZdigrF4_T.jpg,3
64,https://photomarble.s3.ap-northeast-2.amazonaws.com/similarity/background/독립문_Cb1oAGnubx0.jpg,3
65,https://photomarble.s3.ap-northeast-2.amazonaws.com/similarity/background/독립문_Cb1PWp5vziO.jpg,3
66,https://photomarble.s3.ap-northeast-2.amazonaws.com/similarity/background/독립문_Cb28MYjPIlU.jpg,3
67,https://photomarble.s3.ap-northeast-2.amazonaws.com/similarity/background/독립문_Cb4_wxTr-kp.jpg,3
68,https://photomarble.s3.ap-northeast-2.amazonaws.com/similarity/background/독립문_Cb9vQ_jBgeM.jpg,3
69,https://photomarble.s3.ap-northeast-2.amazonaws.com/similarity/background/독립문_CbHDa27LtTq.jpg,3
70,https://photomarble.s3.ap-northeast-2.amazonaws.com/similarity/background/독립문_CbkI1dClxZC.jpg,3
71,https://photomarble.s3.ap-northeast-2.amazonaws.com/similarity/background/독립문_CbLnvTSh6KR.jpg,3
72,https://photomarble.s3.ap-northeast-2.amazonaws.com/similarity/background/독립문_CbnBIeLrqKd.jpg,3
73,https://photomarble.s3.ap-northeast-2.amazonaws.com/similarity/background/독립문_CbOnDCpJZC3.jpg,3
74,https://photomarble.s3.ap-northeast-2.amazonaws.com/similarity/background/독립문_CbPRxu6MkAz.jpg,3
75,https://photomarble.s3.ap-northeast-2.amazonaws.com/similarity/background/독립문_CbROPfqvWh0.jpg,3
76,https://photomarble.s3.ap-northeast-2.amazonaws.com/similarity/background/독립문_CbROVPgvLUy.jpg,3
77,https://photomarble.s3.ap-northeast-2.amazonaws.com/similarity/background/독립문_CbsAGP9PgMU.jpg,3
78,https://photomarble.s3.ap-northeast-2.amazonaws.com/similarity/background/독립문_CbUUaHRBvRg.jpg,3
79,https://photomarble.s3.ap-northeast-2.amazonaws.com/similarity/background/독립문_CbuxrGirXoH.jpg,3
80,https://photomarble.s3.ap-northeast-2.amazonaws.com/similarity/background/독립문_CbXbL4FvWIZ.jpg,3
81,https://photomarble.s3.ap-northeast-2.amazonaws.com/similarity/background/독립문_Cb_m602Ptdh.jpg,3
82,https://photomarble.s3.ap-northeast-2.amazonaws.com/similarity/background/독립문_CcckESoJJte.jpg,3
83,https://photomarble.s3.ap-northeast-2.amazonaws.com/similarity/background/독립문_CcDKt-LPkC5.jpg,3
84,https://photomarble.s3.ap-northeast-2.amazonaws.com/similarity/background/독립문_CcE4WqdvbSE.jpg,3
85,https://photomarble.s3.ap-northeast-2.amazonaws.com/similarity/background/독립문_CcGO8YmP2nz.jpg,3
86,https://photomarble.s3.ap-northeast-2.amazonaws.com/similarity/background/독립문_CcHkSUSPpae.jpg,3
87,https://photomarble.s3.ap-northeast-2.amazonaws.com/similarity/background/독립문_CcKNfm5rGrC.jpg,3
88,https://photomarble.s3.ap-northeast-2.amazonaws.com/similarity/background/독립문_CcSdf27P4zR.jpg,3
89,https://photomarble.s3.ap-northeast-2.amazonaws.com/similarity/background/독립문_CMWlj1hMgUd.jpg,3
90,https://photomarble.s3.ap-northeast-2.amazonaws.com/similarity/background/독립문_CPfwUFZMf3b.jpg,3
91,https://photomarble.s3.ap-northeast-2.amazonaws.com/similarity/background/독립문_CSoldzfpUcZ.jpg,3
92,https://photomarble.s3.ap-northeast-2.amazonaws.com/similarity/background/독립문_CURnKx9P18G.jpg,3
93,https://photomarble.s3.ap-northeast-2.amazonaws.com/similarity/background/독립문_CX-UOORr9g9.jpg,3
94,https://photomarble.s3.ap-northeast-2.amazonaws.com/similarity/background/독립문_CX3GVimlw8t.jpg,3
95,https://photomarble.s3.ap-northeast-2.amazonaws.com/similarity/background/독립문_CXaziN9va58.jpg,3
96,https://photomarble.s3.ap-northeast-2.amazonaws.com/similarity/background/독립문_CXfESGPBapE.jpg,3
97,https://photomarble.s3.ap-northeast-2.amazonaws.com/similarity/background/독립문_CXgUGlCBP5k.jpg,3
98,https://photomarble.s3.ap-northeast-2.amazonaws.com/similarity/background/독립문_CXlQjh9vsHk.jpg,3
99,https://photomarble.s3.ap-northeast-2.amazonaws.com/similarity/background/독립문_CXlUIdrpwo4.jpg,3
100,https://photomarble.s3.ap-northeast-2.amazonaws.com/similarity/background/독립문_CXn243IFzYL.jpg,3
101,https://photomarble.s3.ap-northeast-2.amazonaws.com/similarity/background/독립문_CXp67o0lRdS.jpg,3
102,https://photomarble.s3.ap-northeast-2.amazonaws.com/similarity/background/독립문_CXQfWc3PW8i.jpg,3
103,https://photomarble.s3.ap-northeast-2.amazonaws.com/similarity/background/독립문_CXSt7Rpve7q.jpg,3
104,https://photomarble.s3.ap-northeast-2.amazonaws.com/similarity/background/독립문_CXtNu2WvZeO.jpg,3
105,https://photomarble.s3.ap-northeast-2.amazonaws.com/similarity/background/독립문_CXv8kDvPtgg.jpg,3
106,https://photomarble.s3.ap-northeast-2.amazonaws.com/similarity/background/독립문_CXX_lilPJuS.jpg,3
107,https://photomarble.s3.ap-northeast-2.amazonaws.com/similarity/background/독립문_CXyKhrnPevd.jpg,3
108,https://photomarble.s3.ap-northeast-2.amazonaws.com/similarity/background/독립문_CY-7z57pMG6.jpg,3
109,https://photomarble.s3.ap-northeast-2.amazonaws.com/similarity/background/독립문_CY25n3IrZgr.jpg,3
110,https://photomarble.s3.ap-northeast-2.amazonaws.com/similarity/background/독립문_CY3646FB6QQ.jpg,3
111,https://photomarble.s3.ap-northeast-2.amazonaws.com/similarity/background/독립문_CY6cH4xlXxN.jpg,3
112,https://photomarble.s3.ap-northeast-2.amazonaws.com/similarity/background/독립문_CYBbSK8lBBP.jpg,3
113,https://photomarble.s3.ap-northeast-2.amazonaws.com/similarity/background/독립문_CYCwsy8hJcp.jpg,3
114,https://photomarble.s3.ap-northeast-2.amazonaws.com/similarity/background/독립문_CYDMKzslBan.jpg,3
115,https://photomarble.s3.ap-northeast-2.amazonaws.com/similarity/background/독립문_CYf2PPlvWo9.jpg,3
116,https://photomarble.s3.ap-northeast-2.amazonaws.com/similarity/background/독립문_CYiqZ-krGOB.jpg,3
117,https://photomarble.s3.ap-northeast-2.amazonaws.com/similarity/background/독립문_CYLWoXihSQN.jpg,3
118,https://photomarble.s3.ap-northeast-2.amazonaws.com/similarity/background/독립문_CYLXh_IPlub.jpg,3
119,https://photomarble.s3.ap-northeast-2.amazonaws.com/similarity/background/독립문_CYpZTduh3j8.jpg,3
120,https://photomarble.s3.ap-northeast-2.amazonaws.com/similarity/background/독립문_CYqGFVWPxZI.jpg,3
121,https://photomarble.s3.ap-northeast-2.amazonaws.com/similarity/background/독립문_CYs0WB8rjOU.jpg,3
122,https://photomarble.s3.ap-northeast-2.amazonaws.com/similarity/background/독립문_CYyAp96lkz4.jpg,3
123,https://photomarble.s3.ap-northeast-2.amazonaws.com/similarity/background/독립문_CYyJemevXT7.jpg,3
124,https://photomarble.s3.ap-northeast-2.amazonaws.com/similarity/background/독립문_CYyyEf_pprI.jpg,3
125,https://photomarble.s3.ap-northeast-2.amazonaws.com/similarity/background/독립문_CZ3enJ8PLSx.jpg,3
126,https://photomarble.s3.ap-northeast-2.amazonaws.com/similarity/background/독립문_CZ3XfJYvDWT.jpg,3
127,https://photomarble.s3.ap-northeast-2.amazonaws.com/similarity/background/독립문_CZ9CqvUlEid.jpg,3
128,https://photomarble.s3.ap-northeast-2.amazonaws.com/similarity/background/독립문_CZbQ83evaF_.jpg,3
129,https://photomarble.s3.ap-northeast-2.amazonaws.com/similarity/background/독립문_CZCmtT5vSzw.jpg,3
130,https://photomarble.s3.ap-northeast-2.amazonaws.com/similarity/background/독립문_CZjnILwFjGS.jpg,3
131,https://photomarble.s3.ap-northeast-2.amazonaws.com/similarity/background/독립문_CZlxyzaFsxR.jpg,3
132,https://photomarble.s3.ap-northeast-2.amazonaws.com/similarity/background/독립문_CZmbukvPF-A.jpg,3
133,https://photomarble.s3.ap-northeast-2.amazonaws.com/similarity/background/독립문_CZoFvUQPeL5.jpg,3
134,https://photomarble.s3.ap-northeast-2.amazonaws.com/similarity/background/독립문_CZomkM-P3AZ.jpg,3
135,https://photomarble.s3.ap-northeast-2.amazonaws.com/similarity/background/독립문_CZoR3xOlXRd.jpg,3
136,https://photomarble.s3.ap-northeast-2.amazonaws.com/similarity/background/독립문_CZRhb38vrHS.jpg,3
137,https://photomarble.s3.ap-northeast-2.amazonaws.com/similarity/background/독립문_CZYa20PlC-q.jpg,3
138,https://photomarble.s3.ap-northeast-2.amazonaws.com/similarity/background/독립문_CZyAun_lZss.jpg,3
139,https://photomarble.s3.ap-northeast-2.amazonaws.com/similarity/background/독립문_CZ_PZkbFM56.jpg,3
140,https://photomarble.s3.ap-northeast-2.amazonaws.com/similarity/background/명동성당_CaGJ7mYBjiP.jpg,2
141,https://photomarble.s3.ap-northeast-2.amazonaws.com/similarity/background/명동성당_Cc0EuKuJqbe.jpg,2
142,https://photomarble.s3.ap-northeast-2.amazonaws.com/similarity/background/명동성당_Cc0hmikv4JE.jpg,2
143,https://photomarble.s3.ap-northeast-2.amazonaws.com/similarity/background/명동성당_Cc0Iicavmzj.jpg,2
144,https://photomarble.s3.ap-northeast-2.amazonaws.com/similarity/background/명동성당_Cc0ka0uvAPJ.jpg,2
145,https://photomarble.s3.ap-northeast-2.amazonaws.com/similarity/background/명동성당_Cc0L1GghAhY.jpg,2
146,https://photomarble.s3.ap-northeast-2.amazonaws.com/similarity/background/명동성당_Cc1bqh0hKMC.jpg,2
147,https://photomarble.s3.ap-northeast-2.amazonaws.com/similarity/background/명동성당_Cc1p0ULPajF.jpg,2
148,https://photomarble.s3.ap-northeast-2.amazonaws.com/similarity/background/명동성당_Cc1rZxvvX3V.jpg,2
149,https://photomarble.s3.ap-northeast-2.amazonaws.com/similarity/background/명동성당_Cc1ssVUJKTb.jpg,2
150,https://photomarble.s3.ap-northeast-2.amazonaws.com/similarity/background/명동성당_Cc2F1GCpcty.jpg,2
151,https://photomarble.s3.ap-northeast-2.amazonaws.com/similarity/background/명동성당_Cc2K8-MJ9bm.jpg,2
152,https://photomarble.s3.ap-northeast-2.amazonaws.com/similarity/background/명동성당_CcaEXRkJdX3.jpg,2
153,https://photomarble.s3.ap-northeast-2.amazonaws.com/similarity/background/명동성당_Ccajc4lLsXL.jpg,2
154,https://photomarble.s3.ap-northeast-2.amazonaws.com/similarity/background/명동성당_CcaJnx-rfpk.jpg,2
155,https://photomarble.s3.ap-northeast-2.amazonaws.com/similarity/background/명동성당_CcakzVGJVXc.jpg,2
156,https://photomarble.s3.ap-northeast-2.amazonaws.com/similarity/background/명동성당_CcalnGUvMn-.jpg,2
157,https://photomarble.s3.ap-northeast-2.amazonaws.com/similarity/background/명동성당_CcaMHs5P3Z3.jpg,2
158,https://photomarble.s3.ap-northeast-2.amazonaws.com/similarity/background/명동성당_CcamypTLaag.jpg,2
159,https://photomarble.s3.ap-northeast-2.amazonaws.com/similarity/background/명동성당_CcaoNwPvzYo.jpg,2
160,https://photomarble.s3.ap-northeast-2.amazonaws.com/similarity/background/명동성당_CcaqAzcP1u5.jpg,2
161,https://photomarble.s3.ap-northeast-2.amazonaws.com/similarity/background/명동성당_CcaR93OFAms.jpg,2
162,https://photomarble.s3.ap-northeast-2.amazonaws.com/similarity/background/명동성당_CcaU3pkvM6f.jpg,2
163,https://photomarble.s3.ap-northeast-2.amazonaws.com/similarity/background/명동성당_Ccb2JNpBMrN.jpg,2
164,https://photomarble.s3.ap-northeast-2.amazonaws.com/similarity/background/명동성당_Ccb3cmIpyz7.jpg,2
165,https://photomarble.s3.ap-northeast-2.amazonaws.com/similarity/background/명동성당_Ccb4UhYv46H.jpg,2
166,https://photomarble.s3.ap-northeast-2.amazonaws.com/similarity/background/명동성당_CcbiI_0hQh_.jpg,2
167,https://photomarble.s3.ap-northeast-2.amazonaws.com/similarity/background/명동성당_CcbjbWIv0wD.jpg,2
168,https://photomarble.s3.ap-northeast-2.amazonaws.com/similarity/background/명동성당_CcbnQ_FPUxe.jpg,2
169,https://photomarble.s3.ap-northeast-2.amazonaws.com/similarity/background/명동성당_CcbSl3avKoN.jpg,2
170,https://photomarble.s3.ap-northeast-2.amazonaws.com/similarity/background/명동성당_CcbsvnPP1l7.jpg,2
171,https://photomarble.s3.ap-northeast-2.amazonaws.com/similarity/background/명동성당_Ccb_PioLb1h.jpg,2
172,https://photomarble.s3.ap-northeast-2.amazonaws.com/similarity/background/명동성당_Ccc02twPICJ.jpg,2
173,https://photomarble.s3.ap-northeast-2.amazonaws.com/similarity/background/명동성당_Ccc1WtbBY2S.jpg,2
174,https://photomarble.s3.ap-northeast-2.amazonaws.com/similarity/background/명동성당_Ccc2-lwr5J3.jpg,2
175,https://photomarble.s3.ap-northeast-2.amazonaws.com/similarity/background/명동성당_Ccc78WoJxJL.jpg,2
176,https://photomarble.s3.ap-northeast-2.amazonaws.com/similarity/background/명동성당_CccaCKePwFC.jpg,2
177,https://photomarble.s3.ap-northeast-2.amazonaws.com/similarity/background/명동성당_CccbPBcvCyA.jpg,2
178,https://photomarble.s3.ap-northeast-2.amazonaws.com/similarity/background/명동성당_CccERf7PV0x.jpg,2
179,https://photomarble.s3.ap-northeast-2.amazonaws.com/similarity/background/명동성당_CccKUpkvDSm.jpg,2
180,https://photomarble.s3.ap-northeast-2.amazonaws.com/similarity/background/명동성당_Cccn6fLL8Fg.jpg,2
181,https://photomarble.s3.ap-northeast-2.amazonaws.com/similarity/background/명동성당_CccOncYLUaG.jpg,2
182,https://photomarble.s3.ap-northeast-2.amazonaws.com/similarity/background/명동성당_CccQhQnPXg1.jpg,2
183,https://photomarble.s3.ap-northeast-2.amazonaws.com/similarity/background/명동성당_CccsnbxLq1k.jpg,2
184,https://photomarble.s3.ap-northeast-2.amazonaws.com/similarity/background/명동성당_CccSYipPMx-.jpg,2
185,https://photomarble.s3.ap-northeast-2.amazonaws.com/similarity/background/명동성당_CccW2aHp9YQ.jpg,2
186,https://photomarble.s3.ap-northeast-2.amazonaws.com/similarity/background/명동성당_CcczDtlpAI4.jpg,2
187,https://photomarble.s3.ap-northeast-2.amazonaws.com/similarity/background/명동성당_CcczizvPUZI.jpg,2
188,https://photomarble.s3.ap-northeast-2.amazonaws.com/similarity/background/명동성당_Ccc_hNCLPgB.jpg,2
189,https://photomarble.s3.ap-northeast-2.amazonaws.com/similarity/background/명동성당_Ccc_U10P59K.jpg,2
190,https://photomarble.s3.ap-northeast-2.amazonaws.com/similarity/background/명동성당_CcDC526hMtk.jpg,2
191,https://photomarble.s3.ap-northeast-2.amazonaws.com/similarity/background/명동성당_CcdDRmRrmVV.jpg,2
192,https://photomarble.s3.ap-northeast-2.amazonaws.com/similarity/background/명동성당_CcdGklDPYJN.jpg,2
193,https://photomarble.s3.ap-northeast-2.amazonaws.com/similarity/background/명동성당_CcdGlixrsFC.jpg,2
194,https://photomarble.s3.ap-northeast-2.amazonaws.com/similarity/background/명동성당_CcdHI9yvrE0.jpg,2
195,https://photomarble.s3.ap-northeast-2.amazonaws.com/similarity/background/명동성당_CcdHoN1vzpU.jpg,2
196,https://photomarble.s3.ap-northeast-2.amazonaws.com/similarity/background/명동성당_CcdNSt3vVdD.jpg,2
197,https://photomarble.s3.ap-northeast-2.amazonaws.com/similarity/background/명동성당_CcdSGAQhcmy.jpg,2
198,https://photomarble.s3.ap-northeast-2.amazonaws.com/similarity/background/명동성당_Cce0_kPPOPA.jpg,2
199,https://photomarble.s3.ap-northeast-2.amazonaws.com/similarity/background/명동성당_CceAUO7P-r8.jpg,2
200,https://photomarble.s3.ap-northeast-2.amazonaws.com/similarity/background/명동성당_CceFtmevFBT.jpg,2
201,https://photomarble.s3.ap-northeast-2.amazonaws.com/similarity/background/명동성당_CceNHp5B03r.jpg,2
202,https://photomarble.s3.ap-northeast-2.amazonaws.com/similarity/background/명동성당_CceR6mwvn_p.jpg,2
203,https://photomarble.s3.ap-northeast-2.amazonaws.com/similarity/background/명동성당_CcesibXv6qN.jpg,2
204,https://photomarble.s3.ap-northeast-2.amazonaws.com/similarity/background/명동성당_CcfCbHhvLLW.jpg,2
205,https://photomarble.s3.ap-northeast-2.amazonaws.com/similarity/background/명동성당_Ccffe7kJNDw.jpg,2
206,https://photomarble.s3.ap-northeast-2.amazonaws.com/similarity/background/명동성당_CcffNUUvTML.jpg,2
207,https://photomarble.s3.ap-northeast-2.amazonaws.com/similarity/background/명동성당_CcfFRkNvx8x.jpg,2
208,https://photomarble.s3.ap-northeast-2.amazonaws.com/similarity/background/명동성당_CcfhEFrPAMx.jpg,2
209,https://photomarble.s3.ap-northeast-2.amazonaws.com/similarity/background/명동성당_Ccfm90YLXal.jpg,2
210,https://photomarble.s3.ap-northeast-2.amazonaws.com/similarity/background/명동성당_CcfPMPaJyKi.jpg,2
211,https://photomarble.s3.ap-northeast-2.amazonaws.com/similarity/background/명동성당_CcfwVkMvADz.jpg,2
212,https://photomarble.s3.ap-northeast-2.amazonaws.com/similarity/background/명동성당_CcgnjaPv0Wb.jpg,2
213,https://photomarble.s3.ap-northeast-2.amazonaws.com/similarity/background/명동성당_Cch-euGp5kV.jpg,2
214,https://photomarble.s3.ap-northeast-2.amazonaws.com/similarity/background/명동성당_Cchah8WrHrK.jpg,2
215,https://photomarble.s3.ap-northeast-2.amazonaws.com/similarity/background/명동성당_CchciqIvzhd.jpg,2
216,https://photomarble.s3.ap-northeast-2.amazonaws.com/similarity/background/명동성당_CchSehVrP7j.jpg,2
217,https://photomarble.s3.ap-northeast-2.amazonaws.com/similarity/background/명동성당_Cchw3uoJ2yz.jpg,2
218,https://photomarble.s3.ap-northeast-2.amazonaws.com/similarity/background/명동성당_CchZR6Vp7Fm.jpg,2
219,https://photomarble.s3.ap-northeast-2.amazonaws.com/similarity/background/명동성당_CciBFl_Jr9o.jpg,2
220,https://photomarble.s3.ap-northeast-2.amazonaws.com/similarity/background/명동성당_CciboHdJvOG.jpg,2
221,https://photomarble.s3.ap-northeast-2.amazonaws.com/similarity/background/명동성당_CcieIDIhWpm.jpg,2
222,https://photomarble.s3.ap-northeast-2.amazonaws.com/similarity/background/명동성당_CciFGxjr-fJ.jpg,2
223,https://photomarble.s3.ap-northeast-2.amazonaws.com/similarity/background/명동성당_CciJ6fqOGS6.jpg,2
224,https://photomarble.s3.ap-northeast-2.amazonaws.com/similarity/background/명동성당_CciP1bDL3Eq.jpg,2
225,https://photomarble.s3.ap-northeast-2.amazonaws.com/similarity/background/명동성당_CciXi4Zr3PL.jpg,2
226,https://photomarble.s3.ap-northeast-2.amazonaws.com/similarity/background/명동성당_Ccj4m9nvzel.jpg,2
227,https://photomarble.s3.ap-northeast-2.amazonaws.com/similarity/background/명동성당_CcjfLI-v8s7.jpg,2
228,https://photomarble.s3.ap-northeast-2.amazonaws.com/similarity/background/명동성당_CcjuWVELdps.jpg,2
229,https://photomarble.s3.ap-northeast-2.amazonaws.com/similarity/background/명동성당_CcjzjpiP-a6.jpg,2
230,https://photomarble.s3.ap-northeast-2.amazonaws.com/similarity/background/명동성당_Cck4mZ3riwm.jpg,2
231,https://photomarble.s3.ap-northeast-2.amazonaws.com/similarity/background/명동성당_CckJrWILgZF.jpg,2
232,https://photomarble.s3.ap-northeast-2.amazonaws.com/similarity/background/명동성당_CckkX4FvkDX.jpg,2
233,https://photomarble.s3.ap-northeast-2.amazonaws.com/similarity/background/명동성당_CckMIiorz-r.jpg,2
234,https://photomarble.s3.ap-northeast-2.amazonaws.com/similarity/background/명동성당_CckmIiWFQfc.jpg,2
235,https://photomarble.s3.ap-northeast-2.amazonaws.com/similarity/background/명동성당_CckPrJ3BCPM.jpg,2
236,https://photomarble.s3.ap-northeast-2.amazonaws.com/similarity/background/명동성당_CckqSGbrDq9.jpg,2
237,https://photomarble.s3.ap-northeast-2.amazonaws.com/similarity/background/명동성당_CcktbWbLJbx.jpg,2
238,https://photomarble.s3.ap-northeast-2.amazonaws.com/similarity/background/명동성당_CckuXykpRrN.jpg,2
239,https://photomarble.s3.ap-northeast-2.amazonaws.com/similarity/background/명동성당_Cckx2Cgvw0L.jpg,2
240,https://photomarble.s3.ap-northeast-2.amazonaws.com/similarity/background/명동성당_CckXphdgziD.jpg,2
241,https://photomarble.s3.ap-northeast-2.amazonaws.com/similarity/background/명동성당_CckzkN1rrnN.jpg,2
242,https://photomarble.s3.ap-northeast-2.amazonaws.com/similarity/background/명동성당_Ccm0grnPvQJ.jpg,2
243,https://photomarble.s3.ap-northeast-2.amazonaws.com/similarity/background/명동성당_Ccmfwo2JsYn.jpg,2
244,https://photomarble.s3.ap-northeast-2.amazonaws.com/similarity/background/명동성당_CcmHm0XBvOy.jpg,2
245,https://photomarble.s3.ap-northeast-2.amazonaws.com/similarity/background/명동성당_CcmJ7yYv1YQ.jpg,2
246,https://photomarble.s3.ap-northeast-2.amazonaws.com/similarity/background/명동성당_CcmJcSopUtn.jpg,2
247,https://photomarble.s3.ap-northeast-2.amazonaws.com/similarity/background/명동성당_CcmLBQovju4.jpg,2
248,https://photomarble.s3.ap-northeast-2.amazonaws.com/similarity/background/명동성당_CcmlNn9p0Wl.jpg,2
249,https://photomarble.s3.ap-northeast-2.amazonaws.com/similarity/background/명동성당_CcnahTQPkUX.jpg,2
250,https://photomarble.s3.ap-northeast-2.amazonaws.com/similarity/background/명동성당_CcnJGLPBWxg.jpg,2
251,https://photomarble.s3.ap-northeast-2.amazonaws.com/similarity/background/명동성당_CcnJZPOB9XK.jpg,2
252,https://photomarble.s3.ap-northeast-2.amazonaws.com/similarity/background/명동성당_CcnLUjSJ4ms.jpg,2
253,https://photomarble.s3.ap-northeast-2.amazonaws.com/similarity/background/명동성당_CcnVJPyLmis.jpg,2
254,https://photomarble.s3.ap-northeast-2.amazonaws.com/similarity/background/명동성당_CcopV9_vtqn.jpg,2
255,https://photomarble.s3.ap-northeast-2.amazonaws.com/similarity/background/명동성당_CcotL2sv5zZ.jpg,2
256,https://photomarble.s3.ap-northeast-2.amazonaws.com/similarity/background/명동성당_CcouUnOJKid.jpg,2
257,https://photomarble.s3.ap-northeast-2.amazonaws.com/similarity/background/명동성당_CcoxVnGPREI.jpg,2
258,https://photomarble.s3.ap-northeast-2.amazonaws.com/similarity/background/명동성당_Ccp0uhbvmB8.jpg,2
259,https://photomarble.s3.ap-northeast-2.amazonaws.com/similarity/background/명동성당_CcpCOB5rQcr.jpg,2
260,https://photomarble.s3.ap-northeast-2.amazonaws.com/similarity/background/명동성당_CcpCZO2rVt2.jpg,2
261,https://photomarble.s3.ap-northeast-2.amazonaws.com/similarity/background/명동성당_Ccpilu2J3We.jpg,2
262,https://photomarble.s3.ap-northeast-2.amazonaws.com/similarity/background/명동성당_Ccprv8ErQZn.jpg,2
263,https://photomarble.s3.ap-northeast-2.amazonaws.com/similarity/background/명동성당_CcpSFrSrF7d.jpg,2
264,https://photomarble.s3.ap-northeast-2.amazonaws.com/similarity/background/명동성당_CcpT6PehqMh.jpg,2
265,https://photomarble.s3.ap-northeast-2.amazonaws.com/similarity/background/명동성당_CcpurCZprTD.jpg,2
266,https://photomarble.s3.ap-northeast-2.amazonaws.com/similarity/background/명동성당_CcpWQDILLh7.jpg,2
267,https://photomarble.s3.ap-northeast-2.amazonaws.com/similarity/background/명동성당_Ccpwr_IFBu2.jpg,2
268,https://photomarble.s3.ap-northeast-2.amazonaws.com/similarity/background/명동성당_Ccr0NXQP15d.jpg,2
269,https://photomarble.s3.ap-northeast-2.amazonaws.com/similarity/background/명동성당_Ccr3sFFp64T.jpg,2
270,https://photomarble.s3.ap-northeast-2.amazonaws.com/similarity/background/명동성당_Ccr4fALrKex.jpg,2
271,https://photomarble.s3.ap-northeast-2.amazonaws.com/similarity/background/명동성당_CcrBGCwPdbZ.jpg,2
272,https://photomarble.s3.ap-northeast-2.amazonaws.com/similarity/background/명동성당_CcrgH4nvlwu.jpg,2
273,https://photomarble.s3.ap-northeast-2.amazonaws.com/similarity/background/명동성당_CcrtxDOP1ut.jpg,2
274,https://photomarble.s3.ap-northeast-2.amazonaws.com/similarity/background/명동성당_CcS0mhyJPss.jpg,2
275,https://photomarble.s3.ap-northeast-2.amazonaws.com/similarity/background/명동성당_CcS1PFYJLF5.jpg,2
276,https://photomarble.s3.ap-northeast-2.amazonaws.com/similarity/background/명동성당_CcS5arPhK6p.jpg,2
277,https://photomarble.s3.ap-northeast-2.amazonaws.com/similarity/background/명동성당_CcS5TJOpU0m.jpg,2
278,https://photomarble.s3.ap-northeast-2.amazonaws.com/similarity/background/명동성당_CcsAL3zLVhw.jpg,2
279,https://photomarble.s3.ap-northeast-2.amazonaws.com/similarity/background/명동성당_CcsaM3srZg_.jpg,2
280,https://photomarble.s3.ap-northeast-2.amazonaws.com/similarity/background/명동성당_CcsGnW5J2Wt.jpg,2
281,https://photomarble.s3.ap-northeast-2.amazonaws.com/similarity/background/명동성당_Ccsgt3cr1dx.jpg,2
282,https://photomarble.s3.ap-northeast-2.amazonaws.com/similarity/background/명동성당_CcsKOm9L1IU.jpg,2
283,https://photomarble.s3.ap-northeast-2.amazonaws.com/similarity/background/명동성당_CcskRSJvCeL.jpg,2
284,https://photomarble.s3.ap-northeast-2.amazonaws.com/similarity/background/명동성당_CcSmOI5JTnJ.jpg,2
285,https://photomarble.s3.ap-northeast-2.amazonaws.com/similarity/background/명동성당_CcSphXurubY.jpg,2
286,https://photomarble.s3.ap-northeast-2.amazonaws.com/similarity/background/명동성당_CcsPSGQpy-m.jpg,2
287,https://photomarble.s3.ap-northeast-2.amazonaws.com/similarity/background/명동성당_CcsUkm6vzKC.jpg,2
288,https://photomarble.s3.ap-northeast-2.amazonaws.com/similarity/background/명동성당_CcSyeD-pnZL.jpg,2
289,https://photomarble.s3.ap-northeast-2.amazonaws.com/similarity/background/명동성당_CcT-rNpvCG9.jpg,2
290,https://photomarble.s3.ap-northeast-2.amazonaws.com/similarity/background/명동성당_CcT-sv8h7zb.jpg,2
291,https://photomarble.s3.ap-northeast-2.amazonaws.com/similarity/background/명동성당_CcT1IhNP1lG.jpg,2
292,https://photomarble.s3.ap-northeast-2.amazonaws.com/similarity/background/명동성당_CctorAKv-DH.jpg,2
293,https://photomarble.s3.ap-northeast-2.amazonaws.com/similarity/background/명동성당_CctoVQ1Pbth.jpg,2
294,https://photomarble.s3.ap-northeast-2.amazonaws.com/similarity/background/명동성당_CctpTeGBY8l.jpg,2
295,https://photomarble.s3.ap-northeast-2.amazonaws.com/similarity/background/명동성당_CctwfA1Jh61.jpg,2
296,https://photomarble.s3.ap-northeast-2.amazonaws.com/similarity/background/명동성당_Ccu24PVJvQg.jpg,2
297,https://photomarble.s3.ap-northeast-2.amazonaws.com/similarity/background/명동성당_Ccu5PAwl5-M.jpg,2
298,https://photomarble.s3.ap-northeast-2.amazonaws.com/similarity/background/명동성당_Ccu7ggDLuDs.jpg,2
299,https://photomarble.s3.ap-northeast-2.amazonaws.com/similarity/background/명동성당_CcuEWeiJEAc.jpg,2
300,https://photomarble.s3.ap-northeast-2.amazonaws.com/similarity/background/명동성당_CcUHjbNvIcw.jpg,2
301,https://photomarble.s3.ap-northeast-2.amazonaws.com/similarity/background/명동성당_CcukjYgpD4z.jpg,2
302,https://photomarble.s3.ap-northeast-2.amazonaws.com/similarity/background/명동성당_CcuLtzkB6dh.jpg,2
303,https://photomarble.s3.ap-northeast-2.amazonaws.com/similarity/background/명동성당_CcUSM00p1vQ.jpg,2
304,https://photomarble.s3.ap-northeast-2.amazonaws.com/similarity/background/명동성당_CcUV4y6vU9v.jpg,2
305,https://photomarble.s3.ap-northeast-2.amazonaws.com/similarity/background/명동성당_CcUWwtjPPEg.jpg,2
306,https://photomarble.s3.ap-northeast-2.amazonaws.com/similarity/background/명동성당_CcuykNBPec6.jpg,2
307,https://photomarble.s3.ap-northeast-2.amazonaws.com/similarity/background/명동성당_CcuyNDNP9jO.jpg,2
308,https://photomarble.s3.ap-northeast-2.amazonaws.com/similarity/background/명동성당_CcVAB-0P-Sq.jpg,2
309,https://photomarble.s3.ap-northeast-2.amazonaws.com/similarity/background/명동성당_CcvBBGjrZC2.jpg,2
310,https://photomarble.s3.ap-northeast-2.amazonaws.com/similarity/background/명동성당_CcvDo_lvcIy.jpg,2
311,https://photomarble.s3.ap-northeast-2.amazonaws.com/similarity/background/명동성당_CcVFgGUlHZm.jpg,2
312,https://photomarble.s3.ap-northeast-2.amazonaws.com/similarity/background/명동성당_CcvfZJcv1Jm.jpg,2
313,https://photomarble.s3.ap-northeast-2.amazonaws.com/similarity/background/명동성당_Ccviza8h4r8.jpg,2
314,https://photomarble.s3.ap-northeast-2.amazonaws.com/similarity/background/명동성당_CcVL7nNhJYj.jpg,2
315,https://photomarble.s3.ap-northeast-2.amazonaws.com/similarity/background/명동성당_CcvMnr_rU5l.jpg,2
316,https://photomarble.s3.ap-northeast-2.amazonaws.com/similarity/background/명동성당_CcvRbiCh1C8.jpg,2
317,https://photomarble.s3.ap-northeast-2.amazonaws.com/similarity/background/명동성당_CcVTIwjhWZZ.jpg,2
318,https://photomarble.s3.ap-northeast-2.amazonaws.com/similarity/background/명동성당_CcvVQIPvK8z.jpg,2
319,https://photomarble.s3.ap-northeast-2.amazonaws.com/similarity/background/명동성당_CcvXhEDpoED.jpg,2
320,https://photomarble.s3.ap-northeast-2.amazonaws.com/similarity/background/명동성당_Ccw5c6DpEIw.jpg,2
321,https://photomarble.s3.ap-northeast-2.amazonaws.com/similarity/background/명동성당_CcW874_vb4o.jpg,2
322,https://photomarble.s3.ap-northeast-2.amazonaws.com/similarity/background/명동성당_CcwhsFbp2S0.jpg,2
323,https://photomarble.s3.ap-northeast-2.amazonaws.com/similarity/background/명동성당_CcwSg7_vX2s.jpg,2
324,https://photomarble.s3.ap-northeast-2.amazonaws.com/similarity/background/명동성당_Ccwtgkyv2f9.jpg,2
325,https://photomarble.s3.ap-northeast-2.amazonaws.com/similarity/background/명동성당_CcwvqqsrL6A.jpg,2
326,https://photomarble.s3.ap-northeast-2.amazonaws.com/similarity/background/명동성당_CcwVqusPLjk.jpg,2
327,https://photomarble.s3.ap-northeast-2.amazonaws.com/similarity/background/명동성당_CcWy-xHvvR1.jpg,2
328,https://photomarble.s3.ap-northeast-2.amazonaws.com/similarity/background/명동성당_CcX2ks4Pj3N.jpg,2
329,https://photomarble.s3.ap-northeast-2.amazonaws.com/similarity/background/명동성당_CcX3B85rqnc.jpg,2
330,https://photomarble.s3.ap-northeast-2.amazonaws.com/similarity/background/명동성당_CcX7WFilsth.jpg,2
331,https://photomarble.s3.ap-northeast-2.amazonaws.com/similarity/background/명동성당_CcX8vONLc_J.jpg,2
332,https://photomarble.s3.ap-northeast-2.amazonaws.com/similarity/background/명동성당_CcXAqxJhjZ_.jpg,2
333,https://photomarble.s3.ap-northeast-2.amazonaws.com/similarity/background/명동성당_CcxClEbrEiY.jpg,2
334,https://photomarble.s3.ap-northeast-2.amazonaws.com/similarity/background/명동성당_CcXkglUJeDw.jpg,2
335,https://photomarble.s3.ap-northeast-2.amazonaws.com/similarity/background/명동성당_CcxM2-kP7jJ.jpg,2
336,https://photomarble.s3.ap-northeast-2.amazonaws.com/similarity/background/명동성당_CcxUcpLvp_j.jpg,2
337,https://photomarble.s3.ap-northeast-2.amazonaws.com/similarity/background/명동성당_CcXWKv1p5lK.jpg,2
338,https://photomarble.s3.ap-northeast-2.amazonaws.com/similarity/background/명동성당_CcXZWkbrS3t.jpg,2
339,https://photomarble.s3.ap-northeast-2.amazonaws.com/similarity/background/명동성당_CcY9rmOvFGf.jpg,2
340,https://photomarble.s3.ap-northeast-2.amazonaws.com/similarity/background/명동성당_CcYAmTCh2tY.jpg,2
341,https://photomarble.s3.ap-northeast-2.amazonaws.com/similarity/background/명동성당_CcYCwqwP2pT.jpg,2
342,https://photomarble.s3.ap-northeast-2.amazonaws.com/similarity/background/명동성당_CcYge68B79B.jpg,2
343,https://photomarble.s3.ap-northeast-2.amazonaws.com/similarity/background/명동성당_CcYNp3dPnx2.jpg,2
344,https://photomarble.s3.ap-northeast-2.amazonaws.com/similarity/background/명동성당_CcYNwY-PVE8.jpg,2
345,https://photomarble.s3.ap-northeast-2.amazonaws.com/similarity/background/명동성당_Ccz04chLB__.jpg,2
346,https://photomarble.s3.ap-northeast-2.amazonaws.com/similarity/background/명동성당_Ccz7xIxpKX1.jpg,2
347,https://photomarble.s3.ap-northeast-2.amazonaws.com/similarity/background/명동성당_CcZECqYhGlG.jpg,2
348,https://photomarble.s3.ap-northeast-2.amazonaws.com/similarity/background/명동성당_CcZIPVDByKQ.jpg,2
349,https://photomarble.s3.ap-northeast-2.amazonaws.com/similarity/background/명동성당_CczKgmahLlz.jpg,2
350,https://photomarble.s3.ap-northeast-2.amazonaws.com/similarity/background/명동성당_CcZKjzcvQ8E.jpg,2
351,https://photomarble.s3.ap-northeast-2.amazonaws.com/similarity/background/명동성당_CcZnAivP7o3.jpg,2
352,https://photomarble.s3.ap-northeast-2.amazonaws.com/similarity/background/명동성당_CczOgIvh2GO.jpg,2
353,https://photomarble.s3.ap-northeast-2.amazonaws.com/similarity/background/명동성당_CczosVEPtAI.jpg,2
354,https://photomarble.s3.ap-northeast-2.amazonaws.com/similarity/background/명동성당_CcZxIOxBPoD.jpg,2
355,https://photomarble.s3.ap-northeast-2.amazonaws.com/similarity/background/명동성당_CcZY5TEBXta.jpg,2
356,https://photomarble.s3.ap-northeast-2.amazonaws.com/similarity/background/명동성당_CczYPRDrWQ9.jpg,2
357,https://photomarble.s3.ap-northeast-2.amazonaws.com/similarity/background/명동성당_CcZyZhmJIeM.jpg,2
358,https://photomarble.s3.ap-northeast-2.amazonaws.com/similarity/background/석조전_Cb0za8QvxPL.jpg,1
359,https://photomarble.s3.ap-northeast-2.amazonaws.com/similarity/background/석조전_Cb31jh_v4V6.jpg,1
360,https://photomarble.s3.ap-northeast-2.amazonaws.com/similarity/background/석조전_Cb61ZooLA7d.jpg,1
361,https://photomarble.s3.ap-northeast-2.amazonaws.com/similarity/background/석조전_Cb6Io0ohnmw.jpg,1
362,https://photomarble.s3.ap-northeast-2.amazonaws.com/similarity/background/석조전_Cb6p8VFvDjN.jpg,1
363,https://photomarble.s3.ap-northeast-2.amazonaws.com/similarity/background/석조전_Cb7jQ0Nr2PU.jpg,1
364,https://photomarble.s3.ap-northeast-2.amazonaws.com/similarity/background/석조전_Cb9-UzdJ5lr.jpg,1
365,https://photomarble.s3.ap-northeast-2.amazonaws.com/similarity/background/석조전_Cb97z45JSdS.jpg,1
366,https://photomarble.s3.ap-northeast-2.amazonaws.com/similarity/background/석조전_Cb9bmImvhYj.jpg,1
367,https://photomarble.s3.ap-northeast-2.amazonaws.com/similarity/background/석조전_Cbbs7k0JUGu.jpg,1
368,https://photomarble.s3.ap-northeast-2.amazonaws.com/similarity/background/석조전_CbhU3Ayp9PQ.jpg,1
369,https://photomarble.s3.ap-northeast-2.amazonaws.com/similarity/background/석조전_CbhvG98vG8D.jpg,1
370,https://photomarble.s3.ap-northeast-2.amazonaws.com/similarity/background/석조전_Cbhy4yHv2HH.jpg,1
371,https://photomarble.s3.ap-northeast-2.amazonaws.com/similarity/background/석조전_CbiA4M4pJ_v.jpg,1
372,https://photomarble.s3.ap-northeast-2.amazonaws.com/similarity/background/석조전_Cbl7ui_pe-x.jpg,1
373,https://photomarble.s3.ap-northeast-2.amazonaws.com/similarity/background/석조전_CbMKIIDPjSC.jpg,1
374,https://photomarble.s3.ap-northeast-2.amazonaws.com/similarity/background/석조전_CbNl90qPtkA.jpg,1
375,https://photomarble.s3.ap-northeast-2.amazonaws.com/similarity/background/석조전_CbnL9B9vjiT.jpg,1
376,https://photomarble.s3.ap-northeast-2.amazonaws.com/similarity/background/석조전_Cbo9Q_evx6R.jpg,1
377,https://photomarble.s3.ap-northeast-2.amazonaws.com/similarity/background/석조전_CbqvFzVPM_w.jpg,1
378,https://photomarble.s3.ap-northeast-2.amazonaws.com/similarity/background/석조전_Cbr4QrxPLBr.jpg,1
379,https://photomarble.s3.ap-northeast-2.amazonaws.com/similarity/background/석조전_CbrlSrVLLrA.jpg,1
380,https://photomarble.s3.ap-northeast-2.amazonaws.com/similarity/background/석조전_CbSRNTGPOdK.jpg,1
381,https://photomarble.s3.ap-northeast-2.amazonaws.com/similarity/background/석조전_CbtjClppoX6.jpg,1
382,https://photomarble.s3.ap-northeast-2.amazonaws.com/similarity/background/석조전_CbtyakxPHWZ.jpg,1
383,https://photomarble.s3.ap-northeast-2.amazonaws.com/similarity/background/석조전_CbuJ0lRLjA-.jpg,1
384,https://photomarble.s3.ap-northeast-2.amazonaws.com/similarity/background/석조전_CbwcA7mvOR9.jpg,1
385,https://photomarble.s3.ap-northeast-2.amazonaws.com/similarity/background/석조전_CbWgmSEv1aP.jpg,1
386,https://photomarble.s3.ap-northeast-2.amazonaws.com/similarity/background/석조전_Cb_JHE9hMhc.jpg,1
387,https://photomarble.s3.ap-northeast-2.amazonaws.com/similarity/background/석조전_Cb_pA2pPrMz.jpg,1
388,https://photomarble.s3.ap-northeast-2.amazonaws.com/similarity/background/석조전_CcaiGOfJYyN.jpg,1
389,https://photomarble.s3.ap-northeast-2.amazonaws.com/similarity/background/석조전_Ccb45yRPkvd.jpg,1
390,https://photomarble.s3.ap-northeast-2.amazonaws.com/similarity/background/석조전_CcBC81Jve8e.jpg,1
391,https://photomarble.s3.ap-northeast-2.amazonaws.com/similarity/background/석조전_CcbmYTAP3-N.jpg,1
392,https://photomarble.s3.ap-northeast-2.amazonaws.com/similarity/background/석조전_CcC9UserH3h.jpg,1
393,https://photomarble.s3.ap-northeast-2.amazonaws.com/similarity/background/석조전_CccGoIOL7A0.jpg,1
394,https://photomarble.s3.ap-northeast-2.amazonaws.com/similarity/background/석조전_CccIQuWPrJO.jpg,1
395,https://photomarble.s3.ap-northeast-2.amazonaws.com/similarity/background/석조전_Cccnz5pv4as.jpg,1
396,https://photomarble.s3.ap-northeast-2.amazonaws.com/similarity/background/석조전_CccR1MwBRau.jpg,1
397,https://photomarble.s3.ap-northeast-2.amazonaws.com/similarity/background/석조전_CccvBOxrfAH.jpg,1
398,https://photomarble.s3.ap-northeast-2.amazonaws.com/similarity/background/석조전_CcdCTc3PM-U.jpg,1
399,https://photomarble.s3.ap-northeast-2.amazonaws.com/similarity/background/석조전_CcdDNKQJkyX.jpg,1
400,https://photomarble.s3.ap-northeast-2.amazonaws.com/similarity/background/석조전_CcDFq-6LF0y.jpg,1
401,https://photomarble.s3.ap-northeast-2.amazonaws.com/similarity/background/석조전_CcdNg_6LDJy.jpg,1
402,https://photomarble.s3.ap-northeast-2.amazonaws.com/similarity/background/석조전_CcdR9NZB1_C.jpg,1
403,https://photomarble.s3.ap-northeast-2.amazonaws.com/similarity/background/석조전_CcEiC9MPqk9.jpg,1
404,https://photomarble.s3.ap-northeast-2.amazonaws.com/similarity/background/석조전_CceQwfgvKYC.jpg,1
405,https://photomarble.s3.ap-northeast-2.amazonaws.com/similarity/background/석조전_CcF-GikLlDq.jpg,1
406,https://photomarble.s3.ap-northeast-2.amazonaws.com/similarity/background/석조전_CcF-RkkLFeE.jpg,1
407,https://photomarble.s3.ap-northeast-2.amazonaws.com/similarity/background/석조전_CcF6jegLy8K.jpg,1
408,https://photomarble.s3.ap-northeast-2.amazonaws.com/similarity/background/석조전_CcFiPZErc9C.jpg,1
409,https://photomarble.s3.ap-northeast-2.amazonaws.com/similarity/background/석조전_CcGEz4DBMm_.jpg,1
410,https://photomarble.s3.ap-northeast-2.amazonaws.com/similarity/background/석조전_CcH52ddPcG6.jpg,1
411,https://photomarble.s3.ap-northeast-2.amazonaws.com/similarity/background/석조전_CcHg6XfBpMg.jpg,1
412,https://photomarble.s3.ap-northeast-2.amazonaws.com/similarity/background/석조전_CcH_XmGJxiO.jpg,1
413,https://photomarble.s3.ap-northeast-2.amazonaws.com/similarity/background/석조전_CcIhn3dLWUU.jpg,1
414,https://photomarble.s3.ap-northeast-2.amazonaws.com/similarity/background/석조전_CcII3O3rNvX.jpg,1
415,https://photomarble.s3.ap-northeast-2.amazonaws.com/similarity/background/석조전_CcIxDF_BjHM.jpg,1
416,https://photomarble.s3.ap-northeast-2.amazonaws.com/similarity/background/석조전_CcIZ7YzpFGw.jpg,1
417,https://photomarble.s3.ap-northeast-2.amazonaws.com/similarity/background/석조전_CcJCE6ohWCj.jpg,1
418,https://photomarble.s3.ap-northeast-2.amazonaws.com/similarity/background/석조전_CcKXvJrvR-J.jpg,1
419,https://photomarble.s3.ap-northeast-2.amazonaws.com/similarity/background/석조전_CcNJc7_P8Jk.jpg,1
420,https://photomarble.s3.ap-northeast-2.amazonaws.com/similarity/background/석조전_CcNy4JpJSlo.jpg,1
421,https://photomarble.s3.ap-northeast-2.amazonaws.com/similarity/background/석조전_CcO5-naBfCd.jpg,1
422,https://photomarble.s3.ap-northeast-2.amazonaws.com/similarity/background/석조전_CcP-r4kr6P-.jpg,1
423,https://photomarble.s3.ap-northeast-2.amazonaws.com/similarity/background/석조전_CcP-v-nPmx3.jpg,1
424,https://photomarble.s3.ap-northeast-2.amazonaws.com/similarity/background/석조전_CcPltlsLP-j.jpg,1
425,https://photomarble.s3.ap-northeast-2.amazonaws.com/similarity/background/석조전_CcPmi79Pl6a.jpg,1
426,https://photomarble.s3.ap-northeast-2.amazonaws.com/similarity/background/석조전_CcPsqG3Jte0.jpg,1
427,https://photomarble.s3.ap-northeast-2.amazonaws.com/similarity/background/석조전_CcPticXvk9P.jpg,1
428,https://photomarble.s3.ap-northeast-2.amazonaws.com/similarity/background/석조전_CcQLHWQrURn.jpg,1
429,https://photomarble.s3.ap-northeast-2.amazonaws.com/similarity/background/석조전_CcQOJtOFS_e.jpg,1
430,https://photomarble.s3.ap-northeast-2.amazonaws.com/similarity/background/석조전_CcQWnk-PvSK.jpg,1
431,https://photomarble.s3.ap-northeast-2.amazonaws.com/similarity/background/석조전_CcR4HJPhViu.jpg,1
432,https://photomarble.s3.ap-northeast-2.amazonaws.com/similarity/background/석조전_CcRerT1Plp6.jpg,1
433,https://photomarble.s3.ap-northeast-2.amazonaws.com/similarity/background/석조전_CcWg0fzPv1Z.jpg,1
434,https://photomarble.s3.ap-northeast-2.amazonaws.com/similarity/background/석조전_CcWg4OSPXtG.jpg,1
435,https://photomarble.s3.ap-northeast-2.amazonaws.com/similarity/background/석조전_CcX02xIL0oT.jpg,1
